index,startedDateTime,method,url,status,response_mimeType,is_probable_api,response_is_json,response_json_file,request_is_json,request_json_file
5,2025-09-25T11:45:58.396Z,GET,http://192.168.50.100:2400/system,200,application/json,True,True,/Users/giovanni/Desktop/prove-wp/har_output/responses/00005_GET_192.168.50.100_-system_f5adb210.response.json,False,
11,2025-09-25T11:45:58.649Z,GET,http://192.168.50.100:2400/devices,200,application/json,True,True,/Users/giovanni/Desktop/prove-wp/har_output/responses/00011_GET_192.168.50.100_-devices_60132329.response.json,False,
14,2025-09-25T11:45:58.685Z,GET,http://192.168.50.100:2400/devices/monitoring-events,200,application/json,True,True,/Users/giovanni/Desktop/prove-wp/har_output/responses/00014_GET_192.168.50.100_-devices-monitoring-events_b2fdc29f.response.json,False,
15,2025-09-25T11:45:58.703Z,GET,http://192.168.50.100:2400/devices/commands,200,application/json,True,True,/Users/giovanni/Desktop/prove-wp/har_output/responses/00015_GET_192.168.50.100_-devices-commands_6f291888.response.json,False,
16,2025-09-25T11:45:58.714Z,GET,http://192.168.50.100:2400/system/status,200,application/json,True,True,/Users/giovanni/Desktop/prove-wp/har_output/responses/00016_GET_192.168.50.100_-system-status_836066ed.response.json,False,
17,2025-09-25T11:45:58.723Z,GET,http://192.168.50.100:2400/operation-modes/active,200,application/json,True,True,/Users/giovanni/Desktop/prove-wp/har_output/responses/00017_GET_192.168.50.100_-operation-modes-active_84bdd0a1.response.json,False,
19,2025-09-25T11:45:58.743Z,GET,http://192.168.50.100:2400/settings/general,200,application/json,True,True,/Users/giovanni/Desktop/prove-wp/har_output/responses/00019_GET_192.168.50.100_-settings-general_304080d3.response.json,False,
21,2025-09-25T11:45:58.777Z,GET,http://192.168.50.100:2400/devices/monitoring-events,200,application/json,True,True,/Users/giovanni/Desktop/prove-wp/har_output/responses/00021_GET_192.168.50.100_-devices-monitoring-events_644e658e.response.json,False,
22,2025-09-25T11:45:58.778Z,GET,http://192.168.50.100:2400/alerts,200,application/json,True,True,/Users/giovanni/Desktop/prove-wp/har_output/responses/00022_GET_192.168.50.100_-alerts_fe2c45ab.response.json,False,
26,2025-09-25T11:45:58.787Z,GET,http://192.168.50.100:2400/system/state,200,application/json,True,True,/Users/giovanni/Desktop/prove-wp/har_output/responses/00026_GET_192.168.50.100_-system-state_0c66d677.response.json,False,
27,2025-09-25T11:45:58.788Z,GET,http://192.168.50.100:2400/settings/general,200,application/json,True,True,/Users/giovanni/Desktop/prove-wp/har_output/responses/00027_GET_192.168.50.100_-settings-general_e4a19594.response.json,False,
28,2025-09-25T11:45:58.834Z,GET,http://192.168.50.100:2400/devices/commands,200,application/json,True,True,/Users/giovanni/Desktop/prove-wp/har_output/responses/00028_GET_192.168.50.100_-devices-commands_d3f1d6fd.response.json,False,
29,2025-09-25T11:45:58.882Z,GET,http://192.168.50.100:2400/system/status,200,application/json,True,True,/Users/giovanni/Desktop/prove-wp/har_output/responses/00029_GET_192.168.50.100_-system-status_6993f164.response.json,False,
30,2025-09-25T11:46:00.906Z,GET,http://192.168.50.100:2400/devices/monitoring-events,200,application/json,True,True,/Users/giovanni/Desktop/prove-wp/har_output/responses/00030_GET_192.168.50.100_-devices-monitoring-events_0c106f6a.response.json,False,
32,2025-09-25T11:46:00.941Z,GET,http://192.168.50.100:2400/devices/commands,200,application/json,True,True,/Users/giovanni/Desktop/prove-wp/har_output/responses/00032_GET_192.168.50.100_-devices-commands_d33c86a2.response.json,False,
34,2025-09-25T11:46:00.962Z,GET,http://192.168.50.100:2400/system/status,200,application/json,True,True,/Users/giovanni/Desktop/prove-wp/har_output/responses/00034_GET_192.168.50.100_-system-status_c127145e.response.json,False,
36,2025-09-25T11:46:02.992Z,GET,http://192.168.50.100:2400/devices/monitoring-events,200,application/json,True,True,/Users/giovanni/Desktop/prove-wp/har_output/responses/00036_GET_192.168.50.100_-devices-monitoring-events_66effb84.response.json,False,
37,2025-09-25T11:46:03.013Z,GET,http://192.168.50.100:2400/devices/commands,200,application/json,True,True,/Users/giovanni/Desktop/prove-wp/har_output/responses/00037_GET_192.168.50.100_-devices-commands_0050fb6e.response.json,False,
38,2025-09-25T11:46:03.030Z,GET,http://192.168.50.100:2400/system/status,200,application/json,True,True,/Users/giovanni/Desktop/prove-wp/har_output/responses/00038_GET_192.168.50.100_-system-status_cb91f762.response.json,False,
39,2025-09-25T11:46:03.789Z,GET,http://192.168.50.100:2400/system/state,200,application/json,True,True,/Users/giovanni/Desktop/prove-wp/har_output/responses/00039_GET_192.168.50.100_-system-state_848dfb66.response.json,False,
41,2025-09-25T11:46:03.826Z,GET,http://192.168.50.100:2400/alerts,200,application/json,True,True,/Users/giovanni/Desktop/prove-wp/har_output/responses/00041_GET_192.168.50.100_-alerts_70f41e98.response.json,False,
43,2025-09-25T11:46:05.053Z,GET,http://192.168.50.100:2400/devices/monitoring-events,200,application/json,True,True,/Users/giovanni/Desktop/prove-wp/har_output/responses/00043_GET_192.168.50.100_-devices-monitoring-events_765f82e4.response.json,False,
44,2025-09-25T11:46:05.065Z,GET,http://192.168.50.100:2400/devices/commands,200,application/json,True,True,/Users/giovanni/Desktop/prove-wp/har_output/responses/00044_GET_192.168.50.100_-devices-commands_b0d77e99.response.json,False,
45,2025-09-25T11:46:05.076Z,GET,http://192.168.50.100:2400/system/status,200,application/json,True,True,/Users/giovanni/Desktop/prove-wp/har_output/responses/00045_GET_192.168.50.100_-system-status_fb9e39ac.response.json,False,
46,2025-09-25T11:46:05.579Z,GET,http://192.168.50.100:2400/system/state,200,application/json,True,True,/Users/giovanni/Desktop/prove-wp/har_output/responses/00046_GET_192.168.50.100_-system-state_402478f5.response.json,False,
47,2025-09-25T11:46:05.580Z,GET,http://192.168.50.100:2400/settings/general,200,application/json,True,True,/Users/giovanni/Desktop/prove-wp/har_output/responses/00047_GET_192.168.50.100_-settings-general_c5635910.response.json,False,
48,2025-09-25T11:46:05.581Z,GET,http://192.168.50.100:2400/settings/general,200,application/json,True,True,/Users/giovanni/Desktop/prove-wp/har_output/responses/00048_GET_192.168.50.100_-settings-general_6d012e86.response.json,False,
51,2025-09-25T11:46:05.638Z,GET,http://192.168.50.100:2600/settings/sleepModeTimeout,200,application/json,True,True,/Users/giovanni/Desktop/prove-wp/har_output/responses/00051_GET_192.168.50.100_-settings-sleepmodetimeout_5c4630ba.response.json,False,
53,2025-09-25T11:46:06.371Z,GET,http://192.168.50.100:2400/system/state,200,application/json,True,True,/Users/giovanni/Desktop/prove-wp/har_output/responses/00053_GET_192.168.50.100_-system-state_923fe940.response.json,False,
54,2025-09-25T11:46:06.372Z,GET,http://192.168.50.100:2400/settings/general,200,application/json,True,True,/Users/giovanni/Desktop/prove-wp/har_output/responses/00054_GET_192.168.50.100_-settings-general_71f670eb.response.json,False,
55,2025-09-25T11:46:07.099Z,GET,http://192.168.50.100:2400/devices/monitoring-events,200,application/json,True,True,/Users/giovanni/Desktop/prove-wp/har_output/responses/00055_GET_192.168.50.100_-devices-monitoring-events_d03218eb.response.json,False,
57,2025-09-25T11:46:07.120Z,GET,http://192.168.50.100:2400/devices/commands,200,application/json,True,True,/Users/giovanni/Desktop/prove-wp/har_output/responses/00057_GET_192.168.50.100_-devices-commands_5f388496.response.json,False,
59,2025-09-25T11:46:07.145Z,GET,http://192.168.50.100:2400/system/status,200,application/json,True,True,/Users/giovanni/Desktop/prove-wp/har_output/responses/00059_GET_192.168.50.100_-system-status_62f7160d.response.json,False,
61,2025-09-25T11:46:07.242Z,GET,http://192.168.50.100:2400/system/state,200,application/json,True,True,/Users/giovanni/Desktop/prove-wp/har_output/responses/00061_GET_192.168.50.100_-system-state_58c68dee.response.json,False,
62,2025-09-25T11:46:07.243Z,GET,http://192.168.50.100:2400/settings/general,200,application/json,True,True,/Users/giovanni/Desktop/prove-wp/har_output/responses/00062_GET_192.168.50.100_-settings-general_8f1fc46a.response.json,False,
63,2025-09-25T11:46:07.243Z,GET,http://192.168.50.100:2400/generator-profiles,200,application/json,True,True,/Users/giovanni/Desktop/prove-wp/har_output/responses/00063_GET_192.168.50.100_-generator-profiles_cf380d33.response.json,False,
64,2025-09-25T11:46:07.244Z,GET,http://192.168.50.100:2400/operation-modes,200,application/json,True,True,/Users/giovanni/Desktop/prove-wp/har_output/responses/00064_GET_192.168.50.100_-operation-modes_72fe4346.response.json,False,
67,2025-09-25T11:46:07.323Z,GET,http://192.168.50.100:2400/generator-profiles/status,200,application/json,True,True,/Users/giovanni/Desktop/prove-wp/har_output/responses/00067_GET_192.168.50.100_-generator-profiles-status_ee952c1f.response.json,False,
69,2025-09-25T11:46:08.673Z,GET,http://192.168.50.100:2400/system/state,200,application/json,True,True,/Users/giovanni/Desktop/prove-wp/har_output/responses/00069_GET_192.168.50.100_-system-state_9a305724.response.json,False,
70,2025-09-25T11:46:08.674Z,GET,http://192.168.50.100:2400/settings/general,200,application/json,True,True,/Users/giovanni/Desktop/prove-wp/har_output/responses/00070_GET_192.168.50.100_-settings-general_374a9ba0.response.json,False,
71,2025-09-25T11:46:08.854Z,GET,http://192.168.50.100:2400/alerts,200,application/json,True,True,/Users/giovanni/Desktop/prove-wp/har_output/responses/00071_GET_192.168.50.100_-alerts_1ee8b0b5.response.json,False,
73,2025-09-25T11:46:09.168Z,GET,http://192.168.50.100:2400/devices/monitoring-events,200,application/json,True,True,/Users/giovanni/Desktop/prove-wp/har_output/responses/00073_GET_192.168.50.100_-devices-monitoring-events_9d5058b7.response.json,False,
74,2025-09-25T11:46:09.194Z,GET,http://192.168.50.100:2400/devices/commands,200,application/json,True,True,/Users/giovanni/Desktop/prove-wp/har_output/responses/00074_GET_192.168.50.100_-devices-commands_78b4fa2c.response.json,False,
75,2025-09-25T11:46:09.204Z,GET,http://192.168.50.100:2400/system/status,200,application/json,True,True,/Users/giovanni/Desktop/prove-wp/har_output/responses/00075_GET_192.168.50.100_-system-status_62036a34.response.json,False,
76,2025-09-25T11:46:11.194Z,GET,http://192.168.50.100:2400/system/state,200,application/json,True,True,/Users/giovanni/Desktop/prove-wp/har_output/responses/00076_GET_192.168.50.100_-system-state_71019bed.response.json,False,
77,2025-09-25T11:46:11.195Z,GET,http://192.168.50.100:2400/settings/general,200,application/json,True,True,/Users/giovanni/Desktop/prove-wp/har_output/responses/00077_GET_192.168.50.100_-settings-general_638f4a09.response.json,False,
78,2025-09-25T11:46:11.196Z,GET,http://192.168.50.100:2400/generator-profiles,200,application/json,True,True,/Users/giovanni/Desktop/prove-wp/har_output/responses/00078_GET_192.168.50.100_-generator-profiles_662000af.response.json,False,
79,2025-09-25T11:46:11.197Z,GET,http://192.168.50.100:2400/operation-modes,200,application/json,True,True,/Users/giovanni/Desktop/prove-wp/har_output/responses/00079_GET_192.168.50.100_-operation-modes_c7206ea7.response.json,False,
82,2025-09-25T11:46:11.227Z,GET,http://192.168.50.100:2400/devices/monitoring-events,200,application/json,True,True,/Users/giovanni/Desktop/prove-wp/har_output/responses/00082_GET_192.168.50.100_-devices-monitoring-events_f153166e.response.json,False,
83,2025-09-25T11:46:11.244Z,GET,http://192.168.50.100:2400/generator-profiles/status,200,application/json,True,True,/Users/giovanni/Desktop/prove-wp/har_output/responses/00083_GET_192.168.50.100_-generator-profiles-status_7fbf75c7.response.json,False,
84,2025-09-25T11:46:11.265Z,GET,http://192.168.50.100:2400/devices/commands,200,application/json,True,True,/Users/giovanni/Desktop/prove-wp/har_output/responses/00084_GET_192.168.50.100_-devices-commands_843a0f8e.response.json,False,
85,2025-09-25T11:46:11.298Z,GET,http://192.168.50.100:2400/system/status,200,application/json,True,True,/Users/giovanni/Desktop/prove-wp/har_output/responses/00085_GET_192.168.50.100_-system-status_9b2dedef.response.json,False,
86,2025-09-25T11:46:11.946Z,GET,http://192.168.50.100:2400/operation-modes,200,application/json,True,True,/Users/giovanni/Desktop/prove-wp/har_output/responses/00086_GET_192.168.50.100_-operation-modes_b56d184c.response.json,False,
87,2025-09-25T11:46:12.691Z,GET,http://192.168.50.100:2400/operation-modes,200,application/json,True,True,/Users/giovanni/Desktop/prove-wp/har_output/responses/00087_GET_192.168.50.100_-operation-modes_a5f12139.response.json,False,
88,2025-09-25T11:46:12.692Z,GET,http://192.168.50.100:2400/generator-profiles,200,application/json,True,True,/Users/giovanni/Desktop/prove-wp/har_output/responses/00088_GET_192.168.50.100_-generator-profiles_9c59fa68.response.json,False,
91,2025-09-25T11:46:12.742Z,GET,http://192.168.50.100:2400/operation-modes,200,application/json,True,True,/Users/giovanni/Desktop/prove-wp/har_output/responses/00091_GET_192.168.50.100_-operation-modes_8eddcf36.response.json,False,
92,2025-09-25T11:46:12.744Z,GET,http://192.168.50.100:2400/operation-modes,200,application/json,True,True,/Users/giovanni/Desktop/prove-wp/har_output/responses/00092_GET_192.168.50.100_-operation-modes_98672944.response.json,False,
93,2025-09-25T11:46:13.316Z,GET,http://192.168.50.100:2400/devices/monitoring-events,200,application/json,True,True,/Users/giovanni/Desktop/prove-wp/har_output/responses/00093_GET_192.168.50.100_-devices-monitoring-events_55c751c3.response.json,False,
95,2025-09-25T11:46:13.353Z,GET,http://192.168.50.100:2400/devices/commands,200,application/json,True,True,/Users/giovanni/Desktop/prove-wp/har_output/responses/00095_GET_192.168.50.100_-devices-commands_76897094.response.json,False,
97,2025-09-25T11:46:13.376Z,GET,http://192.168.50.100:2400/system/status,200,application/json,True,True,/Users/giovanni/Desktop/prove-wp/har_output/responses/00097_GET_192.168.50.100_-system-status_922fbe4c.response.json,False,
99,2025-09-25T11:46:13.872Z,GET,http://192.168.50.100:2400/alerts,200,application/json,True,True,/Users/giovanni/Desktop/prove-wp/har_output/responses/00099_GET_192.168.50.100_-alerts_e89d2a7e.response.json,False,
101,2025-09-25T11:46:14.059Z,GET,http://192.168.50.100:2400/system/state,200,application/json,True,True,/Users/giovanni/Desktop/prove-wp/har_output/responses/00101_GET_192.168.50.100_-system-state_08812969.response.json,False,
102,2025-09-25T11:46:14.059Z,GET,http://192.168.50.100:2400/settings/general,200,application/json,True,True,/Users/giovanni/Desktop/prove-wp/har_output/responses/00102_GET_192.168.50.100_-settings-general_32567416.response.json,False,
103,2025-09-25T11:46:14.060Z,GET,http://192.168.50.100:2400/settings/general,200,application/json,True,True,/Users/giovanni/Desktop/prove-wp/har_output/responses/00103_GET_192.168.50.100_-settings-general_8ea3eaff.response.json,False,
104,2025-09-25T11:46:14.100Z,GET,http://192.168.50.100:2600/settings/sleepModeTimeout,200,application/json,True,True,/Users/giovanni/Desktop/prove-wp/har_output/responses/00104_GET_192.168.50.100_-settings-sleepmodetimeout_aaa859da.response.json,False,
106,2025-09-25T11:46:15.397Z,GET,http://192.168.50.100:2400/devices/monitoring-events,200,application/json,True,True,/Users/giovanni/Desktop/prove-wp/har_output/responses/00106_GET_192.168.50.100_-devices-monitoring-events_9afcbb42.response.json,False,
107,2025-09-25T11:46:15.411Z,GET,http://192.168.50.100:2400/devices/commands,200,application/json,True,True,/Users/giovanni/Desktop/prove-wp/har_output/responses/00107_GET_192.168.50.100_-devices-commands_f91fcca1.response.json,False,
108,2025-09-25T11:46:15.423Z,GET,http://192.168.50.100:2400/system/status,200,application/json,True,True,/Users/giovanni/Desktop/prove-wp/har_output/responses/00108_GET_192.168.50.100_-system-status_3de43e94.response.json,False,
109,2025-09-25T11:46:15.550Z,GET,http://192.168.50.100:2400/system/state,200,application/json,True,True,/Users/giovanni/Desktop/prove-wp/har_output/responses/00109_GET_192.168.50.100_-system-state_dc3e37ce.response.json,False,
110,2025-09-25T11:46:15.551Z,GET,http://192.168.50.100:2400/settings/general,200,application/json,True,True,/Users/giovanni/Desktop/prove-wp/har_output/responses/00110_GET_192.168.50.100_-settings-general_b82920eb.response.json,False,
111,2025-09-25T11:46:17.437Z,GET,http://192.168.50.100:2400/devices/monitoring-events,200,application/json,True,True,/Users/giovanni/Desktop/prove-wp/har_output/responses/00111_GET_192.168.50.100_-devices-monitoring-events_1fe1212f.response.json,False,
112,2025-09-25T11:46:17.499Z,GET,http://192.168.50.100:2400/devices/commands,200,application/json,True,True,/Users/giovanni/Desktop/prove-wp/har_output/responses/00112_GET_192.168.50.100_-devices-commands_f2d5bbc9.response.json,False,
113,2025-09-25T11:46:17.513Z,GET,http://192.168.50.100:2400/system/status,200,application/json,True,True,/Users/giovanni/Desktop/prove-wp/har_output/responses/00113_GET_192.168.50.100_-system-status_b02ea258.response.json,False,
114,2025-09-25T11:46:18.898Z,GET,http://192.168.50.100:2400/alerts,200,application/json,True,True,/Users/giovanni/Desktop/prove-wp/har_output/responses/00114_GET_192.168.50.100_-alerts_8913b30b.response.json,False,
116,2025-09-25T11:46:19.552Z,GET,http://192.168.50.100:2400/devices/monitoring-events,200,application/json,True,True,/Users/giovanni/Desktop/prove-wp/har_output/responses/00116_GET_192.168.50.100_-devices-monitoring-events_980d8ac6.response.json,False,
118,2025-09-25T11:46:19.574Z,GET,http://192.168.50.100:2400/devices/commands,200,application/json,True,True,/Users/giovanni/Desktop/prove-wp/har_output/responses/00118_GET_192.168.50.100_-devices-commands_ba811153.response.json,False,
120,2025-09-25T11:46:19.593Z,GET,http://192.168.50.100:2400/system/status,200,application/json,True,True,/Users/giovanni/Desktop/prove-wp/har_output/responses/00120_GET_192.168.50.100_-system-status_0eb9c9d0.response.json,False,
122,2025-09-25T11:46:20.553Z,GET,http://192.168.50.100:2400/system/state,200,application/json,True,True,/Users/giovanni/Desktop/prove-wp/har_output/responses/00122_GET_192.168.50.100_-system-state_7e8a1bc5.response.json,False,
124,2025-09-25T11:46:21.616Z,GET,http://192.168.50.100:2400/devices/monitoring-events,200,application/json,True,True,/Users/giovanni/Desktop/prove-wp/har_output/responses/00124_GET_192.168.50.100_-devices-monitoring-events_f3323e03.response.json,False,
125,2025-09-25T11:46:21.636Z,GET,http://192.168.50.100:2400/devices/commands,200,application/json,True,True,/Users/giovanni/Desktop/prove-wp/har_output/responses/00125_GET_192.168.50.100_-devices-commands_f647ad16.response.json,False,
126,2025-09-25T11:46:21.649Z,GET,http://192.168.50.100:2400/system/status,200,application/json,True,True,/Users/giovanni/Desktop/prove-wp/har_output/responses/00126_GET_192.168.50.100_-system-status_5f77b0cc.response.json,False,
127,2025-09-25T11:46:23.821Z,GET,http://192.168.50.100:2400/devices/monitoring-events,200,application/json,True,True,/Users/giovanni/Desktop/prove-wp/har_output/responses/00127_GET_192.168.50.100_-devices-monitoring-events_2d801b3d.response.json,False,
128,2025-09-25T11:46:23.838Z,GET,http://192.168.50.100:2400/devices/commands,200,application/json,True,True,/Users/giovanni/Desktop/prove-wp/har_output/responses/00128_GET_192.168.50.100_-devices-commands_4e4b6716.response.json,False,
129,2025-09-25T11:46:23.851Z,GET,http://192.168.50.100:2400/system/status,200,application/json,True,True,/Users/giovanni/Desktop/prove-wp/har_output/responses/00129_GET_192.168.50.100_-system-status_83c396b8.response.json,False,
130,2025-09-25T11:46:24.829Z,GET,http://192.168.50.100:2400/alerts,200,application/json,True,True,/Users/giovanni/Desktop/prove-wp/har_output/responses/00130_GET_192.168.50.100_-alerts_dffd6193.response.json,False,
132,2025-09-25T11:46:25.822Z,GET,http://192.168.50.100:2400/system/state,200,application/json,True,True,/Users/giovanni/Desktop/prove-wp/har_output/responses/00132_GET_192.168.50.100_-system-state_2a069a11.response.json,False,
134,2025-09-25T11:46:26.832Z,GET,http://192.168.50.100:2400/devices/monitoring-events,200,application/json,True,True,/Users/giovanni/Desktop/prove-wp/har_output/responses/00134_GET_192.168.50.100_-devices-monitoring-events_c4267ef5.response.json,False,
136,2025-09-25T11:46:26.984Z,GET,http://192.168.50.100:2400/devices/commands,200,application/json,True,True,/Users/giovanni/Desktop/prove-wp/har_output/responses/00136_GET_192.168.50.100_-devices-commands_d174d080.response.json,False,
138,2025-09-25T11:46:27.006Z,GET,http://192.168.50.100:2400/system/status,200,application/json,True,True,/Users/giovanni/Desktop/prove-wp/har_output/responses/00138_GET_192.168.50.100_-system-status_edb7cb61.response.json,False,
140,2025-09-25T11:46:29.829Z,GET,http://192.168.50.100:2400/devices/monitoring-events,200,application/json,True,True,/Users/giovanni/Desktop/prove-wp/har_output/responses/00140_GET_192.168.50.100_-devices-monitoring-events_8a47cc00.response.json,False,
141,2025-09-25T11:46:29.843Z,GET,http://192.168.50.100:2400/devices/commands,200,application/json,True,True,/Users/giovanni/Desktop/prove-wp/har_output/responses/00141_GET_192.168.50.100_-devices-commands_285e9ec0.response.json,False,
142,2025-09-25T11:46:29.855Z,GET,http://192.168.50.100:2400/system/status,200,application/json,True,True,/Users/giovanni/Desktop/prove-wp/har_output/responses/00142_GET_192.168.50.100_-system-status_34e4cf8a.response.json,False,
143,2025-09-25T11:46:30.830Z,GET,http://192.168.50.100:2400/alerts,200,application/json,True,True,/Users/giovanni/Desktop/prove-wp/har_output/responses/00143_GET_192.168.50.100_-alerts_53d165e6.response.json,False,
144,2025-09-25T11:46:30.831Z,GET,http://192.168.50.100:2400/system/state,200,application/json,True,True,/Users/giovanni/Desktop/prove-wp/har_output/responses/00144_GET_192.168.50.100_-system-state_8594269a.response.json,False,
147,2025-09-25T11:46:32.819Z,GET,http://192.168.50.100:2400/devices/monitoring-events,200,application/json,True,True,/Users/giovanni/Desktop/prove-wp/har_output/responses/00147_GET_192.168.50.100_-devices-monitoring-events_aa4df09b.response.json,False,
149,2025-09-25T11:46:32.841Z,GET,http://192.168.50.100:2400/devices/commands,200,application/json,True,True,/Users/giovanni/Desktop/prove-wp/har_output/responses/00149_GET_192.168.50.100_-devices-commands_88e7b3ba.response.json,False,
151,2025-09-25T11:46:32.873Z,GET,http://192.168.50.100:2400/system/status,200,application/json,True,True,/Users/giovanni/Desktop/prove-wp/har_output/responses/00151_GET_192.168.50.100_-system-status_3d747289.response.json,False,
153,2025-09-25T11:46:35.819Z,GET,http://192.168.50.100:2400/devices/monitoring-events,200,application/json,True,True,/Users/giovanni/Desktop/prove-wp/har_output/responses/00153_GET_192.168.50.100_-devices-monitoring-events_332f6c37.response.json,False,
154,2025-09-25T11:46:35.821Z,GET,http://192.168.50.100:2400/system/state,200,application/json,True,True,/Users/giovanni/Desktop/prove-wp/har_output/responses/00154_GET_192.168.50.100_-system-state_50bb0ce0.response.json,False,
155,2025-09-25T11:46:35.839Z,GET,http://192.168.50.100:2400/devices/commands,200,application/json,True,True,/Users/giovanni/Desktop/prove-wp/har_output/responses/00155_GET_192.168.50.100_-devices-commands_2e91d0e9.response.json,False,
156,2025-09-25T11:46:35.851Z,GET,http://192.168.50.100:2400/system/status,200,application/json,True,True,/Users/giovanni/Desktop/prove-wp/har_output/responses/00156_GET_192.168.50.100_-system-status_95504e11.response.json,False,
157,2025-09-25T11:46:36.831Z,GET,http://192.168.50.100:2400/alerts,200,application/json,True,True,/Users/giovanni/Desktop/prove-wp/har_output/responses/00157_GET_192.168.50.100_-alerts_a57c8b70.response.json,False,
159,2025-09-25T11:46:38.824Z,GET,http://192.168.50.100:2400/devices/monitoring-events,200,application/json,True,True,/Users/giovanni/Desktop/prove-wp/har_output/responses/00159_GET_192.168.50.100_-devices-monitoring-events_d7b51fce.response.json,False,
161,2025-09-25T11:46:38.862Z,GET,http://192.168.50.100:2400/devices/commands,200,application/json,True,True,/Users/giovanni/Desktop/prove-wp/har_output/responses/00161_GET_192.168.50.100_-devices-commands_b5a62b03.response.json,False,
163,2025-09-25T11:46:38.880Z,GET,http://192.168.50.100:2400/system/status,200,application/json,True,True,/Users/giovanni/Desktop/prove-wp/har_output/responses/00163_GET_192.168.50.100_-system-status_f0b0c368.response.json,False,
165,2025-09-25T11:46:40.825Z,GET,http://192.168.50.100:2400/system/state,200,application/json,True,True,/Users/giovanni/Desktop/prove-wp/har_output/responses/00165_GET_192.168.50.100_-system-state_1c3e92dc.response.json,False,
167,2025-09-25T11:46:41.829Z,GET,http://192.168.50.100:2400/devices/monitoring-events,200,application/json,True,True,/Users/giovanni/Desktop/prove-wp/har_output/responses/00167_GET_192.168.50.100_-devices-monitoring-events_dbc6385e.response.json,False,
168,2025-09-25T11:46:41.846Z,GET,http://192.168.50.100:2400/devices/commands,200,application/json,True,True,/Users/giovanni/Desktop/prove-wp/har_output/responses/00168_GET_192.168.50.100_-devices-commands_948693c8.response.json,False,
169,2025-09-25T11:46:41.860Z,GET,http://192.168.50.100:2400/system/status,200,application/json,True,True,/Users/giovanni/Desktop/prove-wp/har_output/responses/00169_GET_192.168.50.100_-system-status_6115afd9.response.json,False,
170,2025-09-25T11:46:42.822Z,GET,http://192.168.50.100:2400/alerts,200,application/json,True,True,/Users/giovanni/Desktop/prove-wp/har_output/responses/00170_GET_192.168.50.100_-alerts_df62f021.response.json,False,
172,2025-09-25T11:46:44.826Z,GET,http://192.168.50.100:2400/devices/monitoring-events,200,application/json,True,True,/Users/giovanni/Desktop/prove-wp/har_output/responses/00172_GET_192.168.50.100_-devices-monitoring-events_1ba2e0a7.response.json,False,
174,2025-09-25T11:46:44.846Z,GET,http://192.168.50.100:2400/devices/commands,200,application/json,True,True,/Users/giovanni/Desktop/prove-wp/har_output/responses/00174_GET_192.168.50.100_-devices-commands_5861de59.response.json,False,
176,2025-09-25T11:46:44.862Z,GET,http://192.168.50.100:2400/system/status,200,application/json,True,True,/Users/giovanni/Desktop/prove-wp/har_output/responses/00176_GET_192.168.50.100_-system-status_78fae7dd.response.json,False,
178,2025-09-25T11:46:45.825Z,GET,http://192.168.50.100:2400/system/state,200,application/json,True,True,/Users/giovanni/Desktop/prove-wp/har_output/responses/00178_GET_192.168.50.100_-system-state_71c59581.response.json,False,
179,2025-09-25T11:46:47.824Z,GET,http://192.168.50.100:2400/devices/monitoring-events,200,application/json,True,True,/Users/giovanni/Desktop/prove-wp/har_output/responses/00179_GET_192.168.50.100_-devices-monitoring-events_93291f4d.response.json,False,
180,2025-09-25T11:46:47.838Z,GET,http://192.168.50.100:2400/devices/commands,200,application/json,True,True,/Users/giovanni/Desktop/prove-wp/har_output/responses/00180_GET_192.168.50.100_-devices-commands_df0fd663.response.json,False,
181,2025-09-25T11:46:47.849Z,GET,http://192.168.50.100:2400/system/status,200,application/json,True,True,/Users/giovanni/Desktop/prove-wp/har_output/responses/00181_GET_192.168.50.100_-system-status_24136617.response.json,False,
182,2025-09-25T11:46:48.832Z,GET,http://192.168.50.100:2400/alerts,200,application/json,True,True,/Users/giovanni/Desktop/prove-wp/har_output/responses/00182_GET_192.168.50.100_-alerts_05a151f9.response.json,False,
184,2025-09-25T11:46:50.827Z,GET,http://192.168.50.100:2400/devices/monitoring-events,200,application/json,True,True,/Users/giovanni/Desktop/prove-wp/har_output/responses/00184_GET_192.168.50.100_-devices-monitoring-events_22cb2403.response.json,False,
185,2025-09-25T11:46:50.828Z,GET,http://192.168.50.100:2400/system/state,200,application/json,True,True,/Users/giovanni/Desktop/prove-wp/har_output/responses/00185_GET_192.168.50.100_-system-state_8a427a15.response.json,False,
188,2025-09-25T11:46:50.851Z,GET,http://192.168.50.100:2400/devices/commands,200,application/json,True,True,/Users/giovanni/Desktop/prove-wp/har_output/responses/00188_GET_192.168.50.100_-devices-commands_fd4af934.response.json,False,
190,2025-09-25T11:46:50.868Z,GET,http://192.168.50.100:2400/system/status,200,application/json,True,True,/Users/giovanni/Desktop/prove-wp/har_output/responses/00190_GET_192.168.50.100_-system-status_8b21f379.response.json,False,
192,2025-09-25T11:46:52.897Z,GET,http://192.168.50.100:2400/devices/monitoring-events,200,application/json,True,True,/Users/giovanni/Desktop/prove-wp/har_output/responses/00192_GET_192.168.50.100_-devices-monitoring-events_a1549838.response.json,False,
193,2025-09-25T11:46:52.931Z,GET,http://192.168.50.100:2400/devices/commands,200,application/json,True,True,/Users/giovanni/Desktop/prove-wp/har_output/responses/00193_GET_192.168.50.100_-devices-commands_642bd783.response.json,False,
194,2025-09-25T11:46:52.964Z,GET,http://192.168.50.100:2400/system/status,200,application/json,True,True,/Users/giovanni/Desktop/prove-wp/har_output/responses/00194_GET_192.168.50.100_-system-status_c5d6cdf0.response.json,False,
195,2025-09-25T11:46:53.855Z,GET,http://192.168.50.100:2400/alerts,200,application/json,True,True,/Users/giovanni/Desktop/prove-wp/har_output/responses/00195_GET_192.168.50.100_-alerts_eaf4fd9a.response.json,False,
197,2025-09-25T11:46:54.978Z,GET,http://192.168.50.100:2400/devices/monitoring-events,200,application/json,True,True,/Users/giovanni/Desktop/prove-wp/har_output/responses/00197_GET_192.168.50.100_-devices-monitoring-events_98e1f5a2.response.json,False,
198,2025-09-25T11:46:54.994Z,GET,http://192.168.50.100:2400/devices/commands,200,application/json,True,True,/Users/giovanni/Desktop/prove-wp/har_output/responses/00198_GET_192.168.50.100_-devices-commands_ffa77233.response.json,False,
199,2025-09-25T11:46:55.004Z,GET,http://192.168.50.100:2400/system/status,200,application/json,True,True,/Users/giovanni/Desktop/prove-wp/har_output/responses/00199_GET_192.168.50.100_-system-status_efece9e6.response.json,False,
200,2025-09-25T11:46:55.552Z,GET,http://192.168.50.100:2400/system/state,200,application/json,True,True,/Users/giovanni/Desktop/prove-wp/har_output/responses/00200_GET_192.168.50.100_-system-state_aa748b46.response.json,False,
201,2025-09-25T11:46:57.018Z,GET,http://192.168.50.100:2400/devices/monitoring-events,200,application/json,True,True,/Users/giovanni/Desktop/prove-wp/har_output/responses/00201_GET_192.168.50.100_-devices-monitoring-events_b5e63625.response.json,False,
203,2025-09-25T11:46:57.041Z,GET,http://192.168.50.100:2400/devices/commands,200,application/json,True,True,/Users/giovanni/Desktop/prove-wp/har_output/responses/00203_GET_192.168.50.100_-devices-commands_a3ffe9b9.response.json,False,
205,2025-09-25T11:46:57.063Z,GET,http://192.168.50.100:2400/system/status,200,application/json,True,True,/Users/giovanni/Desktop/prove-wp/har_output/responses/00205_GET_192.168.50.100_-system-status_3f9a1b5b.response.json,False,
207,2025-09-25T11:47:13.957Z,GET,http://192.168.50.100:2400/alerts,200,application/json,True,True,/Users/giovanni/Desktop/prove-wp/har_output/responses/00207_GET_192.168.50.100_-alerts_81831665.response.json,False,
209,2025-09-25T11:47:15.524Z,GET,http://192.168.50.100:2400/devices/monitoring-events,200,application/json,True,True,/Users/giovanni/Desktop/prove-wp/har_output/responses/00209_GET_192.168.50.100_-devices-monitoring-events_fedd21e6.response.json,False,
211,2025-09-25T11:47:15.557Z,GET,http://192.168.50.100:2400/system/state,200,application/json,True,True,/Users/giovanni/Desktop/prove-wp/har_output/responses/00211_GET_192.168.50.100_-system-state_55e7d4b3.response.json,False,
212,2025-09-25T11:47:15.615Z,GET,http://192.168.50.100:2400/devices/commands,200,application/json,True,True,/Users/giovanni/Desktop/prove-wp/har_output/responses/00212_GET_192.168.50.100_-devices-commands_3613c540.response.json,False,
214,2025-09-25T11:47:15.635Z,GET,http://192.168.50.100:2400/system/status,200,application/json,True,True,/Users/giovanni/Desktop/prove-wp/har_output/responses/00214_GET_192.168.50.100_-system-status_5d17d7a5.response.json,False,
216,2025-09-25T11:47:17.670Z,GET,http://192.168.50.100:2400/devices/monitoring-events,200,application/json,True,True,/Users/giovanni/Desktop/prove-wp/har_output/responses/00216_GET_192.168.50.100_-devices-monitoring-events_9ffbb7cf.response.json,False,
217,2025-09-25T11:47:17.709Z,GET,http://192.168.50.100:2400/devices/commands,200,application/json,True,True,/Users/giovanni/Desktop/prove-wp/har_output/responses/00217_GET_192.168.50.100_-devices-commands_8635318c.response.json,False,
218,2025-09-25T11:47:17.743Z,GET,http://192.168.50.100:2400/system/status,200,application/json,True,True,/Users/giovanni/Desktop/prove-wp/har_output/responses/00218_GET_192.168.50.100_-system-status_6346a5eb.response.json,False,
219,2025-09-25T11:47:18.978Z,GET,http://192.168.50.100:2400/alerts,200,application/json,True,True,/Users/giovanni/Desktop/prove-wp/har_output/responses/00219_GET_192.168.50.100_-alerts_71f13fb1.response.json,False,
221,2025-09-25T11:47:19.764Z,GET,http://192.168.50.100:2400/devices/monitoring-events,200,application/json,True,True,/Users/giovanni/Desktop/prove-wp/har_output/responses/00221_GET_192.168.50.100_-devices-monitoring-events_7236e6bf.response.json,False,
222,2025-09-25T11:47:19.780Z,GET,http://192.168.50.100:2400/devices/commands,200,application/json,True,True,/Users/giovanni/Desktop/prove-wp/har_output/responses/00222_GET_192.168.50.100_-devices-commands_e97b2f98.response.json,False,
223,2025-09-25T11:47:19.793Z,GET,http://192.168.50.100:2400/system/status,200,application/json,True,True,/Users/giovanni/Desktop/prove-wp/har_output/responses/00223_GET_192.168.50.100_-system-status_e153cfcb.response.json,False,
224,2025-09-25T11:47:20.825Z,GET,http://192.168.50.100:2400/system/state,200,application/json,True,True,/Users/giovanni/Desktop/prove-wp/har_output/responses/00224_GET_192.168.50.100_-system-state_f61b7538.response.json,False,
226,2025-09-25T11:47:21.826Z,GET,http://192.168.50.100:2400/devices/monitoring-events,200,application/json,True,True,/Users/giovanni/Desktop/prove-wp/har_output/responses/00226_GET_192.168.50.100_-devices-monitoring-events_e25f56fb.response.json,False,
227,2025-09-25T11:47:21.851Z,GET,http://192.168.50.100:2400/devices/commands,200,application/json,True,True,/Users/giovanni/Desktop/prove-wp/har_output/responses/00227_GET_192.168.50.100_-devices-commands_0304b18b.response.json,False,
228,2025-09-25T11:47:21.865Z,GET,http://192.168.50.100:2400/system/status,200,application/json,True,True,/Users/giovanni/Desktop/prove-wp/har_output/responses/00228_GET_192.168.50.100_-system-status_15ecdac8.response.json,False,
229,2025-09-25T11:47:24.829Z,GET,http://192.168.50.100:2400/devices/monitoring-events,200,application/json,True,True,/Users/giovanni/Desktop/prove-wp/har_output/responses/00229_GET_192.168.50.100_-devices-monitoring-events_e4f54f68.response.json,False,
230,2025-09-25T11:47:24.830Z,GET,http://192.168.50.100:2400/alerts,200,application/json,True,True,/Users/giovanni/Desktop/prove-wp/har_output/responses/00230_GET_192.168.50.100_-alerts_580445a5.response.json,False,
232,2025-09-25T11:47:24.851Z,GET,http://192.168.50.100:2400/devices/commands,200,application/json,True,True,/Users/giovanni/Desktop/prove-wp/har_output/responses/00232_GET_192.168.50.100_-devices-commands_a72d5579.response.json,False,
233,2025-09-25T11:47:24.863Z,GET,http://192.168.50.100:2400/system/status,200,application/json,True,True,/Users/giovanni/Desktop/prove-wp/har_output/responses/00233_GET_192.168.50.100_-system-status_95a8dc99.response.json,False,
234,2025-09-25T11:47:25.615Z,GET,http://192.168.50.100:2400/system/state,200,application/json,True,True,/Users/giovanni/Desktop/prove-wp/har_output/responses/00234_GET_192.168.50.100_-system-state_1c80d0e0.response.json,False,
235,2025-09-25T11:47:26.876Z,GET,http://192.168.50.100:2400/devices/monitoring-events,200,application/json,True,True,/Users/giovanni/Desktop/prove-wp/har_output/responses/00235_GET_192.168.50.100_-devices-monitoring-events_3a4ef2e0.response.json,False,
237,2025-09-25T11:47:26.898Z,GET,http://192.168.50.100:2400/devices/commands,200,application/json,True,True,/Users/giovanni/Desktop/prove-wp/har_output/responses/00237_GET_192.168.50.100_-devices-commands_53d04885.response.json,False,
239,2025-09-25T11:47:26.919Z,GET,http://192.168.50.100:2400/system/status,200,application/json,True,True,/Users/giovanni/Desktop/prove-wp/har_output/responses/00239_GET_192.168.50.100_-system-status_df561661.response.json,False,
241,2025-09-25T11:47:28.943Z,GET,http://192.168.50.100:2400/devices/monitoring-events,200,application/json,True,True,/Users/giovanni/Desktop/prove-wp/har_output/responses/00241_GET_192.168.50.100_-devices-monitoring-events_a365e718.response.json,False,
242,2025-09-25T11:47:28.966Z,GET,http://192.168.50.100:2400/devices/commands,200,application/json,True,True,/Users/giovanni/Desktop/prove-wp/har_output/responses/00242_GET_192.168.50.100_-devices-commands_4fad289e.response.json,False,
243,2025-09-25T11:47:28.982Z,GET,http://192.168.50.100:2400/system/status,200,application/json,True,True,/Users/giovanni/Desktop/prove-wp/har_output/responses/00243_GET_192.168.50.100_-system-status_f85e143f.response.json,False,
244,2025-09-25T11:47:29.867Z,GET,http://192.168.50.100:2400/alerts,200,application/json,True,True,/Users/giovanni/Desktop/prove-wp/har_output/responses/00244_GET_192.168.50.100_-alerts_ca87029e.response.json,False,
246,2025-09-25T11:47:30.022Z,GET,http://192.168.50.100:2400/system/state,200,application/json,True,True,/Users/giovanni/Desktop/prove-wp/har_output/responses/00246_GET_192.168.50.100_-system-state_5d25e82d.response.json,False,
247,2025-09-25T11:47:30.023Z,GET,http://192.168.50.100:2400/settings/general,200,application/json,True,True,/Users/giovanni/Desktop/prove-wp/har_output/responses/00247_GET_192.168.50.100_-settings-general_476ecd08.response.json,False,
248,2025-09-25T11:47:30.025Z,GET,http://192.168.50.100:2400/settings/general,200,application/json,True,True,/Users/giovanni/Desktop/prove-wp/har_output/responses/00248_GET_192.168.50.100_-settings-general_b183cbf9.response.json,False,
252,2025-09-25T11:47:30.073Z,GET,http://192.168.50.100:2600/settings/sleepModeTimeout,200,application/json,True,True,/Users/giovanni/Desktop/prove-wp/har_output/responses/00252_GET_192.168.50.100_-settings-sleepmodetimeout_09034fb8.response.json,False,
254,2025-09-25T11:47:31.000Z,GET,http://192.168.50.100:2400/devices/monitoring-events,200,application/json,True,True,/Users/giovanni/Desktop/prove-wp/har_output/responses/00254_GET_192.168.50.100_-devices-monitoring-events_36f4e870.response.json,False,
255,2025-09-25T11:47:31.013Z,GET,http://192.168.50.100:2400/devices/commands,200,application/json,True,True,/Users/giovanni/Desktop/prove-wp/har_output/responses/00255_GET_192.168.50.100_-devices-commands_541c9262.response.json,False,
256,2025-09-25T11:47:31.025Z,GET,http://192.168.50.100:2400/system/status,200,application/json,True,True,/Users/giovanni/Desktop/prove-wp/har_output/responses/00256_GET_192.168.50.100_-system-status_ded1cc1d.response.json,False,
257,2025-09-25T11:47:31.264Z,GET,http://192.168.50.100:2400/system/state,200,application/json,True,True,/Users/giovanni/Desktop/prove-wp/har_output/responses/00257_GET_192.168.50.100_-system-state_7c08db03.response.json,False,
258,2025-09-25T11:47:31.265Z,GET,http://192.168.50.100:2400/settings/general,200,application/json,True,True,/Users/giovanni/Desktop/prove-wp/har_output/responses/00258_GET_192.168.50.100_-settings-general_06f8e63f.response.json,False,
259,2025-09-25T11:47:33.040Z,GET,http://192.168.50.100:2400/devices/monitoring-events,200,application/json,True,True,/Users/giovanni/Desktop/prove-wp/har_output/responses/00259_GET_192.168.50.100_-devices-monitoring-events_c2222067.response.json,False,
261,2025-09-25T11:47:33.086Z,GET,http://192.168.50.100:2400/devices/commands,200,application/json,True,True,/Users/giovanni/Desktop/prove-wp/har_output/responses/00261_GET_192.168.50.100_-devices-commands_7f3e8e47.response.json,False,
263,2025-09-25T11:47:33.107Z,GET,http://192.168.50.100:2400/system/status,200,application/json,True,True,/Users/giovanni/Desktop/prove-wp/har_output/responses/00263_GET_192.168.50.100_-system-status_db65c868.response.json,False,
265,2025-09-25T11:47:34.473Z,GET,http://192.168.50.100:2400/system/state,200,application/json,True,True,/Users/giovanni/Desktop/prove-wp/har_output/responses/00265_GET_192.168.50.100_-system-state_074d9214.response.json,False,
266,2025-09-25T11:47:34.475Z,GET,http://192.168.50.100:2400/settings/general,200,application/json,True,True,/Users/giovanni/Desktop/prove-wp/har_output/responses/00266_GET_192.168.50.100_-settings-general_ca46bca0.response.json,False,
267,2025-09-25T11:47:34.888Z,GET,http://192.168.50.100:2400/alerts,200,application/json,True,True,/Users/giovanni/Desktop/prove-wp/har_output/responses/00267_GET_192.168.50.100_-alerts_874290f6.response.json,False,
269,2025-09-25T11:47:35.139Z,GET,http://192.168.50.100:2400/devices/monitoring-events,200,application/json,True,True,/Users/giovanni/Desktop/prove-wp/har_output/responses/00269_GET_192.168.50.100_-devices-monitoring-events_42610eda.response.json,False,
270,2025-09-25T11:47:35.158Z,GET,http://192.168.50.100:2400/devices/commands,200,application/json,True,True,/Users/giovanni/Desktop/prove-wp/har_output/responses/00270_GET_192.168.50.100_-devices-commands_da7d6709.response.json,False,
271,2025-09-25T11:47:35.187Z,GET,http://192.168.50.100:2400/system/status,200,application/json,True,True,/Users/giovanni/Desktop/prove-wp/har_output/responses/00271_GET_192.168.50.100_-system-status_de409959.response.json,False,
272,2025-09-25T11:47:37.208Z,GET,http://192.168.50.100:2400/devices/monitoring-events,200,application/json,True,True,/Users/giovanni/Desktop/prove-wp/har_output/responses/00272_GET_192.168.50.100_-devices-monitoring-events_af4f7d4d.response.json,False,
273,2025-09-25T11:47:37.226Z,GET,http://192.168.50.100:2400/devices/commands,200,application/json,True,True,/Users/giovanni/Desktop/prove-wp/har_output/responses/00273_GET_192.168.50.100_-devices-commands_7df578bd.response.json,False,
274,2025-09-25T11:47:37.236Z,GET,http://192.168.50.100:2400/system/status,200,application/json,True,True,/Users/giovanni/Desktop/prove-wp/har_output/responses/00274_GET_192.168.50.100_-system-status_f00699e0.response.json,False,
275,2025-09-25T11:47:39.258Z,GET,http://192.168.50.100:2400/devices/monitoring-events,200,application/json,True,True,/Users/giovanni/Desktop/prove-wp/har_output/responses/00275_GET_192.168.50.100_-devices-monitoring-events_59d66d43.response.json,False,
277,2025-09-25T11:47:39.277Z,GET,http://192.168.50.100:2400/devices/commands,200,application/json,True,True,/Users/giovanni/Desktop/prove-wp/har_output/responses/00277_GET_192.168.50.100_-devices-commands_0bc0ab4b.response.json,False,
279,2025-09-25T11:47:39.300Z,GET,http://192.168.50.100:2400/system/status,200,application/json,True,True,/Users/giovanni/Desktop/prove-wp/har_output/responses/00279_GET_192.168.50.100_-system-status_947539cc.response.json,False,
281,2025-09-25T11:47:39.475Z,GET,http://192.168.50.100:2400/system/state,200,application/json,True,True,/Users/giovanni/Desktop/prove-wp/har_output/responses/00281_GET_192.168.50.100_-system-state_ab1e0928.response.json,False,
283,2025-09-25T11:47:39.935Z,GET,http://192.168.50.100:2400/alerts,200,application/json,True,True,/Users/giovanni/Desktop/prove-wp/har_output/responses/00283_GET_192.168.50.100_-alerts_7528bb00.response.json,False,
285,2025-09-25T11:47:41.325Z,GET,http://192.168.50.100:2400/devices/monitoring-events,200,application/json,True,True,/Users/giovanni/Desktop/prove-wp/har_output/responses/00285_GET_192.168.50.100_-devices-monitoring-events_24c1e56a.response.json,False,
286,2025-09-25T11:47:41.337Z,GET,http://192.168.50.100:2400/devices/commands,200,application/json,True,True,/Users/giovanni/Desktop/prove-wp/har_output/responses/00286_GET_192.168.50.100_-devices-commands_3ef08be7.response.json,False,
287,2025-09-25T11:47:41.348Z,GET,http://192.168.50.100:2400/system/status,200,application/json,True,True,/Users/giovanni/Desktop/prove-wp/har_output/responses/00287_GET_192.168.50.100_-system-status_d190e504.response.json,False,
288,2025-09-25T11:47:43.367Z,GET,http://192.168.50.100:2400/devices/monitoring-events,200,application/json,True,True,/Users/giovanni/Desktop/prove-wp/har_output/responses/00288_GET_192.168.50.100_-devices-monitoring-events_aa4c2770.response.json,False,
289,2025-09-25T11:47:43.381Z,GET,http://192.168.50.100:2400/devices/commands,200,application/json,True,True,/Users/giovanni/Desktop/prove-wp/har_output/responses/00289_GET_192.168.50.100_-devices-commands_5c3c8895.response.json,False,
290,2025-09-25T11:47:43.392Z,GET,http://192.168.50.100:2400/system/status,200,application/json,True,True,/Users/giovanni/Desktop/prove-wp/har_output/responses/00290_GET_192.168.50.100_-system-status_fe7cdb86.response.json,False,
291,2025-09-25T11:47:44.476Z,GET,http://192.168.50.100:2400/system/state,200,application/json,True,True,/Users/giovanni/Desktop/prove-wp/har_output/responses/00291_GET_192.168.50.100_-system-state_5ab4c93f.response.json,False,
292,2025-09-25T11:47:45.036Z,GET,http://192.168.50.100:2400/alerts,200,application/json,True,True,/Users/giovanni/Desktop/prove-wp/har_output/responses/00292_GET_192.168.50.100_-alerts_109ba618.response.json,False,
294,2025-09-25T11:47:45.410Z,GET,http://192.168.50.100:2400/devices/monitoring-events,200,application/json,True,True,/Users/giovanni/Desktop/prove-wp/har_output/responses/00294_GET_192.168.50.100_-devices-monitoring-events_fca1dacd.response.json,False,
296,2025-09-25T11:47:45.438Z,GET,http://192.168.50.100:2400/devices/commands,200,application/json,True,True,/Users/giovanni/Desktop/prove-wp/har_output/responses/00296_GET_192.168.50.100_-devices-commands_164a95c0.response.json,False,
298,2025-09-25T11:47:45.454Z,GET,http://192.168.50.100:2400/system/status,200,application/json,True,True,/Users/giovanni/Desktop/prove-wp/har_output/responses/00298_GET_192.168.50.100_-system-status_7eb370e0.response.json,False,
300,2025-09-25T11:47:47.476Z,GET,http://192.168.50.100:2400/devices/monitoring-events,200,application/json,True,True,/Users/giovanni/Desktop/prove-wp/har_output/responses/00300_GET_192.168.50.100_-devices-monitoring-events_934885d8.response.json,False,
301,2025-09-25T11:47:47.493Z,GET,http://192.168.50.100:2400/devices/commands,200,application/json,True,True,/Users/giovanni/Desktop/prove-wp/har_output/responses/00301_GET_192.168.50.100_-devices-commands_1d0ba0d4.response.json,False,
302,2025-09-25T11:47:47.506Z,GET,http://192.168.50.100:2400/system/status,200,application/json,True,True,/Users/giovanni/Desktop/prove-wp/har_output/responses/00302_GET_192.168.50.100_-system-status_2eacb7ab.response.json,False,
303,2025-09-25T11:47:49.475Z,GET,http://192.168.50.100:2400/system/state,200,application/json,True,True,/Users/giovanni/Desktop/prove-wp/har_output/responses/00303_GET_192.168.50.100_-system-state_26bda564.response.json,False,
305,2025-09-25T11:47:49.521Z,GET,http://192.168.50.100:2400/devices/monitoring-events,200,application/json,True,True,/Users/giovanni/Desktop/prove-wp/har_output/responses/00305_GET_192.168.50.100_-devices-monitoring-events_b098ec45.response.json,False,
306,2025-09-25T11:47:49.572Z,GET,http://192.168.50.100:2400/devices/commands,200,application/json,True,True,/Users/giovanni/Desktop/prove-wp/har_output/responses/00306_GET_192.168.50.100_-devices-commands_c01caa15.response.json,False,
307,2025-09-25T11:47:49.583Z,GET,http://192.168.50.100:2400/system/status,200,application/json,True,True,/Users/giovanni/Desktop/prove-wp/har_output/responses/00307_GET_192.168.50.100_-system-status_748fe9ce.response.json,False,
308,2025-09-25T11:47:50.076Z,GET,http://192.168.50.100:2400/alerts,200,application/json,True,True,/Users/giovanni/Desktop/prove-wp/har_output/responses/00308_GET_192.168.50.100_-alerts_3c6dba9f.response.json,False,
310,2025-09-25T11:47:51.609Z,GET,http://192.168.50.100:2400/devices/monitoring-events,200,application/json,True,True,/Users/giovanni/Desktop/prove-wp/har_output/responses/00310_GET_192.168.50.100_-devices-monitoring-events_f8376dc3.response.json,False,
312,2025-09-25T11:47:51.628Z,GET,http://192.168.50.100:2400/devices/commands,200,application/json,True,True,/Users/giovanni/Desktop/prove-wp/har_output/responses/00312_GET_192.168.50.100_-devices-commands_e0c9652c.response.json,False,
314,2025-09-25T11:47:51.645Z,GET,http://192.168.50.100:2400/system/status,200,application/json,True,True,/Users/giovanni/Desktop/prove-wp/har_output/responses/00314_GET_192.168.50.100_-system-status_a21044a9.response.json,False,
316,2025-09-25T11:47:53.672Z,GET,http://192.168.50.100:2400/devices/monitoring-events,200,application/json,True,True,/Users/giovanni/Desktop/prove-wp/har_output/responses/00316_GET_192.168.50.100_-devices-monitoring-events_7480731f.response.json,False,
317,2025-09-25T11:47:53.685Z,GET,http://192.168.50.100:2400/devices/commands,200,application/json,True,True,/Users/giovanni/Desktop/prove-wp/har_output/responses/00317_GET_192.168.50.100_-devices-commands_6023dc40.response.json,False,
318,2025-09-25T11:47:53.700Z,GET,http://192.168.50.100:2400/system/status,200,application/json,True,True,/Users/giovanni/Desktop/prove-wp/har_output/responses/00318_GET_192.168.50.100_-system-status_16b09bbb.response.json,False,
319,2025-09-25T11:47:54.476Z,GET,http://192.168.50.100:2400/system/state,200,application/json,True,True,/Users/giovanni/Desktop/prove-wp/har_output/responses/00319_GET_192.168.50.100_-system-state_4d64be21.response.json,False,
320,2025-09-25T11:47:55.109Z,GET,http://192.168.50.100:2400/alerts,200,application/json,True,True,/Users/giovanni/Desktop/prove-wp/har_output/responses/00320_GET_192.168.50.100_-alerts_ed2907ab.response.json,False,
322,2025-09-25T11:47:55.714Z,GET,http://192.168.50.100:2400/devices/monitoring-events,200,application/json,True,True,/Users/giovanni/Desktop/prove-wp/har_output/responses/00322_GET_192.168.50.100_-devices-monitoring-events_45c9936c.response.json,False,
323,2025-09-25T11:47:55.727Z,GET,http://192.168.50.100:2400/devices/commands,200,application/json,True,True,/Users/giovanni/Desktop/prove-wp/har_output/responses/00323_GET_192.168.50.100_-devices-commands_7f16a3a0.response.json,False,
324,2025-09-25T11:47:55.740Z,GET,http://192.168.50.100:2400/system/status,200,application/json,True,True,/Users/giovanni/Desktop/prove-wp/har_output/responses/00324_GET_192.168.50.100_-system-status_5392c0d8.response.json,False,
325,2025-09-25T11:47:57.759Z,GET,http://192.168.50.100:2400/devices/monitoring-events,200,application/json,True,True,/Users/giovanni/Desktop/prove-wp/har_output/responses/00325_GET_192.168.50.100_-devices-monitoring-events_93a6b6ab.response.json,False,
327,2025-09-25T11:47:57.786Z,GET,http://192.168.50.100:2400/devices/commands,200,application/json,True,True,/Users/giovanni/Desktop/prove-wp/har_output/responses/00327_GET_192.168.50.100_-devices-commands_58753a5f.response.json,False,
329,2025-09-25T11:47:57.862Z,GET,http://192.168.50.100:2400/system/status,200,application/json,True,True,/Users/giovanni/Desktop/prove-wp/har_output/responses/00329_GET_192.168.50.100_-system-status_215b3dfc.response.json,False,
331,2025-09-25T11:47:59.476Z,GET,http://192.168.50.100:2400/system/state,200,application/json,True,True,/Users/giovanni/Desktop/prove-wp/har_output/responses/00331_GET_192.168.50.100_-system-state_72742016.response.json,False,
333,2025-09-25T11:47:59.895Z,GET,http://192.168.50.100:2400/devices/monitoring-events,200,application/json,True,True,/Users/giovanni/Desktop/prove-wp/har_output/responses/00333_GET_192.168.50.100_-devices-monitoring-events_9470c815.response.json,False,
334,2025-09-25T11:47:59.916Z,GET,http://192.168.50.100:2400/devices/commands,200,application/json,True,True,/Users/giovanni/Desktop/prove-wp/har_output/responses/00334_GET_192.168.50.100_-devices-commands_59525c3d.response.json,False,
335,2025-09-25T11:47:59.932Z,GET,http://192.168.50.100:2400/system/status,200,application/json,True,True,/Users/giovanni/Desktop/prove-wp/har_output/responses/00335_GET_192.168.50.100_-system-status_2137bd7d.response.json,False,
336,2025-09-25T11:48:00.128Z,GET,http://192.168.50.100:2400/alerts,200,application/json,True,True,/Users/giovanni/Desktop/prove-wp/har_output/responses/00336_GET_192.168.50.100_-alerts_5e86e6f8.response.json,False,
